Address,Status,Tags,HYPE Rank,Full Address,URL
0x39a3...2795,SOLD,None,N/A,0x39a3bbe71987f32e115dc807c1138b9a84f32795,https://hypurrscan.io/address/0x39a3bbe71987f32e115dc807c1138b9a84f32795
0x6ef1...3ad9,UNSTAKING,None,N/A,0x6ef1eda0e85281b0c69ca49b1e3876e99a513ad9,https://hypurrscan.io/address/0x6ef1eda0e85281b0c69ca49b1e3876e99a513ad9
0x120e...2d5d,UNSTAKING,None,N/A,0x120ebd61a6cda38818d4c3a25e7d83dcb6912d5d,https://hypurrscan.io/address/0x120ebd61a6cda38818d4c3a25e7d83dcb6912d5d
0x9abe...e0b0,UNSTAKING,None,N/A,0x9abe126127818c6440db88cf32a222e47193e0b0,https://hypurrscan.io/address/0x9abe126127818c6440db88cf32a222e47193e0b0
0x1f68...8053,HOLDING,None,N/A,0x1f68cb6b0385844178dd3865e7dc6320c2a88053,https://hypurrscan.io/address/0x1f68cb6b0385844178dd3865e7dc6320c2a88053
0x0ed9...14f8,HOLDING,None,N/A,0x0ed92cffa284388ef38f97f56e6b2ceb6e9c14f8,https://hypurrscan.io/address/0x0ed92cffa284388ef38f97f56e6b2ceb6e9c14f8
0xcd1a...e525,HOLDING,None,N/A,0xcd1a5fb7c3a5ad2a13fce54853b3c3a01396e525,https://hypurrscan.io/address/0xcd1a5fb7c3a5ad2a13fce54853b3c3a01396e525
0x718d...4e8a,HOLDING,None,N/A,0x718d8fd9e566b802399ceafb19741c57d4244e8a,https://hypurrscan.io/address/0x718d8fd9e566b802399ceafb19741c57d4244e8a
0x0cda...9302,HOLDING,None,N/A,0x0cda7d72834bb6662ffa77cf8adf99eaea239302,https://hypurrscan.io/address/0x0cda7d72834bb6662ffa77cf8adf99eaea239302
0x407e...ca93,HOLDING,None,N/A,0x407ed5d253a595ea8a4d8b2e2f8e9d079f51ca93,https://hypurrscan.io/address/0x407ed5d253a595ea8a4d8b2e2f8e9d079f51ca93
0x05dc...8657,HOLDING,None,N/A,0x05dc811ddcd793cc5204ba3fc4ae665768938657,https://hypurrscan.io/address/0x05dc811ddcd793cc5204ba3fc4ae665768938657
0x6b40...afe7,HOLDING,None,N/A,0x6b40d2fc89c9672efd71b5b6b11bcd5f3673afe7,https://hypurrscan.io/address/0x6b40d2fc89c9672efd71b5b6b11bcd5f3673afe7
0xb1c3...85e3,HOLDING,None,N/A,0xb1c3f6f0c1aefb25ec825ac8e0ba517a976285e3,https://hypurrscan.io/address/0xb1c3f6f0c1aefb25ec825ac8e0ba517a976285e3
0x8150...fce8,HOLDING,None,N/A,0x81501f4da49c18bb3f69e4abfeb4d2346ac5fce8,https://hypurrscan.io/address/0x81501f4da49c18bb3f69e4abfeb4d2346ac5fce8
0x5cef...2ab8,HOLDING,None,N/A,0x5cef1ba44d97bae8296288d41206fdf6951a2ab8,https://hypurrscan.io/address/0x5cef1ba44d97bae8296288d41206fdf6951a2ab8
0x70e1...7bf6,HOLDING,None,N/A,0x70e1929eec76555e99dbc75cbad1c2ac7e7e7bf6,https://hypurrscan.io/address/0x70e1929eec76555e99dbc75cbad1c2ac7e7e7bf6
